{"cameraMode":{"drawMode":0,"name":"Shaded","section":"Shading Mode"},"sceneLighting":true,"audioPlay":false,"sceneViewState":{"m_AlwaysRefresh":false,"showFog":true,"showSkybox":true,"showFlares":true,"showImageEffects":true,"showParticleSystems":true,"showVisualEffectGraphs":true,"m_FxEnabled":true},"in2DMode":false,"pivot":{"x":-42.284366607666019,"y":-53.15221405029297,"z":71.51164245605469},"rotation":{"x":0.35244104266166689,"y":-0.01432335190474987,"z":0.005428335163742304,"w":0.9354637265205383},"size":48.88176727294922,"orthographic":false}